copyright_sign	A9 FE0F	Copyright sign	0
registered_sign	AE FE0F	Registered sign	0
double_exclamation_mark	203C FE0F	Double exclamation mark	0
exclamation_question_mark	2049 FE0F	Exclamation question mark	0
trade_mark_sign	2122 FE0F	Trade mark sign	0
information_source	2139 FE0F	Information source	0
left_right_arrow	2194 FE0F	Left right arrow	0
up_down_arrow	2195 FE0F	Up down arrow	0
north_west_arrow	2196 FE0F	North west arrow	0
north_east_arrow	2197 FE0F	North east arrow	0
south_east_arrow	2198 FE0F	South east arrow	0
south_west_arrow	2199 FE0F	South west arrow	0
leftwards_arrow_with_hook	21A9 FE0F	Leftwards arrow with hook	0
rightwards_arrow_with_hook	21AA FE0F	Rightwards arrow with hook	0
watch	231A	Watch	0
hourglass	231B	Hourglass	0
keyboard	2328 FE0F	Keyboard	0
eject_symbol	23CF FE0F	Eject symbol	0
black_right_pointing_double_triangle	23E9	Black right-pointing double triangle	0
black_left_pointing_double_triangle	23EA	Black left-pointing double triangle	0
black_up_pointing_double_triangle	23EB	Black up-pointing double triangle	0
black_down_pointing_double_triangle	23EC	Black down-pointing double triangle	0
black_right_pointing_double_triangle_with_vertical_bar	23ED FE0F	Black right-pointing double triangle with vertical bar	0
black_left_pointing_double_triangle_with_vertical_bar	23EE FE0F	Black left-pointing double triangle with vertical bar	0
black_right_pointing_triangle_with_double_vertical_bar	23EF FE0F	Black right-pointing triangle with double vertical bar	0
alarm_clock	23F0	Alarm clock	0
stopwatch	23F1 FE0F	Stopwatch	0
timer_clock	23F2 FE0F	Timer clock	0
hourglass_with_flowing_sand	23F3	Hourglass with flowing sand	0
double_vertical_bar	23F8 FE0F	Double vertical bar	0
black_square_for_stop	23F9 FE0F	Black square for stop	0
black_circle_for_record	23FA FE0F	Black circle for record	0
circled_latin_capital_letter_m	24C2 FE0F	Circled latin capital letter m	0
black_small_square	25AA FE0F	Black small square	0
white_small_square	25AB FE0F	White small square	0
black_right_pointing_triangle	25B6 FE0F	Black right-pointing triangle	0
black_left_pointing_triangle	25C0 FE0F	Black left-pointing triangle	0
white_medium_square	25FB FE0F	White medium square	0
black_medium_square	25FC FE0F	Black medium square	0
white_medium_small_square	25FD	White medium small square	0
black_medium_small_square	25FE	Black medium small square	0
black_sun_with_rays	2600 FE0F	Black sun with rays	0
cloud	2601 FE0F	Cloud	0
umbrella	2602 FE0F	Umbrella	0
snowman	2603 FE0F	Snowman	0
comet	2604 FE0F	Comet	0
black_telephone	260E FE0F	Black telephone	0
ballot_box_with_check	2611 FE0F	Ballot box with check	0
umbrella_with_rain_drops	2614	Umbrella with rain drops	0
hot_beverage	2615	Hot beverage	0
shamrock	2618 FE0F	Shamrock	0
white_up_pointing_index	261D FE0F	White up pointing index	1
skull_and_crossbones	2620 FE0F	Skull and crossbones	0
radioactive_sign	2622 FE0F	Radioactive sign	0
biohazard_sign	2623 FE0F	Biohazard sign	0
orthodox_cross	2626 FE0F	Orthodox cross	0
star_and_crescent	262A FE0F	Star and crescent	0
peace_symbol	262E FE0F	Peace symbol	0
yin_yang	262F FE0F	Yin yang	0
wheel_of_dharma	2638 FE0F	Wheel of dharma	0
white_frowning_face	2639 FE0F	White frowning face	0
white_smiling_face	263A FE0F	White smiling face	0
female_sign	2640 FE0F	Female sign	0
male_sign	2642 FE0F	Male sign	0
aries	2648	Aries	0
taurus	2649	Taurus	0
gemini	264A	Gemini	0
cancer	264B	Cancer	0
leo	264C	Leo	0
virgo	264D	Virgo	0
libra	264E	Libra	0
scorpius	264F	Scorpius	0
sagittarius	2650	Sagittarius	0
capricorn	2651	Capricorn	0
aquarius	2652	Aquarius	0
pisces	2653	Pisces	0
black_chess_pawn	265F FE0F	Black chess pawn	0
black_spade_suit	2660 FE0F	Black spade suit	0
black_club_suit	2663 FE0F	Black club suit	0
black_heart_suit	2665 FE0F	Black heart suit	0
black_diamond_suit	2666 FE0F	Black diamond suit	0
hot_springs	2668 FE0F	Hot springs	0
black_universal_recycling_symbol	267B FE0F	Black universal recycling symbol	0
permanent_paper_sign	267E FE0F	Permanent paper sign	0
wheelchair_symbol	267F	Wheelchair symbol	0
hammer_and_pick	2692 FE0F	Hammer and pick	0
anchor	2693	Anchor	0
crossed_swords	2694 FE0F	Crossed swords	0
staff_of_aesculapius	2695 FE0F	Staff of aesculapius	0
scales	2696 FE0F	Scales	0
alembic	2697 FE0F	Alembic	0
gear	2699 FE0F	Gear	0
atom_symbol	269B FE0F	Atom symbol	0
fleur_de_lis	269C FE0F	Fleur-de-lis	0
warning_sign	26A0 FE0F	Warning sign	0
high_voltage_sign	26A1	High voltage sign	0
male_with_stroke_and_male_and_female_sign	26A7 FE0F	Male with stroke and male and female sign	0
medium_white_circle	26AA	Medium white circle	0
medium_black_circle	26AB	Medium black circle	0
coffin	26B0 FE0F	Coffin	0
funeral_urn	26B1 FE0F	Funeral urn	0
soccer_ball	26BD	Soccer ball	0
baseball	26BE	Baseball	0
snowman_without_snow	26C4	Snowman without snow	0
sun_behind_cloud	26C5	Sun behind cloud	0
thunder_cloud_and_rain	26C8 FE0F	Thunder cloud and rain	0
ophiuchus	26CE	Ophiuchus	0
pick	26CF FE0F	Pick	0
helmet_with_white_cross	26D1 FE0F	Helmet with white cross	0
chains	26D3 FE0F	Chains	0
no_entry	26D4	No entry	0
shinto_shrine	26E9 FE0F	Shinto shrine	0
church	26EA	Church	0
mountain	26F0 FE0F	Mountain	0
umbrella_on_ground	26F1 FE0F	Umbrella on ground	0
fountain	26F2	Fountain	0
flag_in_hole	26F3	Flag in hole	0
ferry	26F4 FE0F	Ferry	0
sailboat	26F5	Sailboat	0
skier	26F7 FE0F	Skier	0
ice_skate	26F8 FE0F	Ice skate	0
person_with_ball	26F9 FE0F	Person with ball	1
tent	26FA	Tent	0
fuel_pump	26FD	Fuel pump	0
black_scissors	2702 FE0F	Black scissors	0
white_heavy_check_mark	2705	White heavy check mark	0
airplane	2708 FE0F	Airplane	0
envelope	2709 FE0F	Envelope	0
raised_fist	270A	Raised fist	1
raised_hand	270B	Raised hand	1
victory_hand	270C FE0F	Victory hand	1
writing_hand	270D FE0F	Writing hand	1
pencil	270F FE0F	Pencil	0
black_nib	2712 FE0F	Black nib	0
heavy_check_mark	2714 FE0F	Heavy check mark	0
heavy_multiplication_x	2716 FE0F	Heavy multiplication x	0
latin_cross	271D FE0F	Latin cross	0
star_of_david	2721 FE0F	Star of david	0
sparkles	2728	Sparkles	0
eight_spoked_asterisk	2733 FE0F	Eight spoked asterisk	0
eight_pointed_black_star	2734 FE0F	Eight pointed black star	0
snowflake	2744 FE0F	Snowflake	0
sparkle	2747 FE0F	Sparkle	0
cross_mark	274C	Cross mark	0
negative_squared_cross_mark	274E	Negative squared cross mark	0
black_question_mark_ornament	2753	Black question mark ornament	0
white_question_mark_ornament	2754	White question mark ornament	0
white_exclamation_mark_ornament	2755	White exclamation mark ornament	0
heavy_exclamation_mark_symbol	2757	Heavy exclamation mark symbol	0
heavy_heart_exclamation_mark_ornament	2763 FE0F	Heavy heart exclamation mark ornament	0
heavy_black_heart	2764 FE0F	Heavy black heart	0
heavy_plus_sign	2795	Heavy plus sign	0
heavy_minus_sign	2796	Heavy minus sign	0
heavy_division_sign	2797	Heavy division sign	0
black_rightwards_arrow	27A1 FE0F	Black rightwards arrow	0
curly_loop	27B0	Curly loop	0
double_curly_loop	27BF	Double curly loop	0
arrow_pointing_rightwards_then_curving_upwards	2934 FE0F	Arrow pointing rightwards then curving upwards	0
arrow_pointing_rightwards_then_curving_downwards	2935 FE0F	Arrow pointing rightwards then curving downwards	0
leftwards_black_arrow	2B05 FE0F	Leftwards black arrow	0
upwards_black_arrow	2B06 FE0F	Upwards black arrow	0
downwards_black_arrow	2B07 FE0F	Downwards black arrow	0
black_large_square	2B1B	Black large square	0
white_large_square	2B1C	White large square	0
white_medium_star	2B50	White medium star	0
heavy_large_circle	2B55	Heavy large circle	0
wavy_dash	3030 FE0F	Wavy dash	0
part_alternation_mark	303D FE0F	Part alternation mark	0
circled_ideograph_congratulation	3297 FE0F	Circled ideograph congratulation	0
circled_ideograph_secret	3299 FE0F	Circled ideograph secret	0
mahjong_tile_red_dragon	1F004	Mahjong tile red dragon	0
playing_card_black_joker	1F0CF	Playing card black joker	0
negative_squared_latin_capital_letter_a	1F170 FE0F	Negative squared latin capital letter a	0
negative_squared_latin_capital_letter_b	1F171 FE0F	Negative squared latin capital letter b	0
negative_squared_latin_capital_letter_o	1F17E FE0F	Negative squared latin capital letter o	0
negative_squared_latin_capital_letter_p	1F17F FE0F	Negative squared latin capital letter p	0
negative_squared_ab	1F18E	Negative squared ab	0
squared_cl	1F191	Squared cl	0
squared_cool	1F192	Squared cool	0
squared_free	1F193	Squared free	0
squared_id	1F194	Squared id	0
squared_new	1F195	Squared new	0
squared_ng	1F196	Squared ng	0
squared_ok	1F197	Squared ok	0
squared_sos	1F198	Squared sos	0
squared_up_with_exclamation_mark	1F199	Squared up with exclamation mark	0
squared_vs	1F19A	Squared vs	0
squared_katakana_koko	1F201	Squared katakana koko	0
squared_katakana_sa	1F202 FE0F	Squared katakana sa	0
squared_cjk_unified_ideograph_7121	1F21A	Squared cjk unified ideograph-7121	0
squared_cjk_unified_ideograph_6307	1F22F	Squared cjk unified ideograph-6307	0
squared_cjk_unified_ideograph_7981	1F232	Squared cjk unified ideograph-7981	0
squared_cjk_unified_ideograph_7a7a	1F233	Squared cjk unified ideograph-7a7a	0
squared_cjk_unified_ideograph_5408	1F234	Squared cjk unified ideograph-5408	0
squared_cjk_unified_ideograph_6e80	1F235	Squared cjk unified ideograph-6e80	0
squared_cjk_unified_ideograph_6709	1F236	Squared cjk unified ideograph-6709	0
squared_cjk_unified_ideograph_6708	1F237 FE0F	Squared cjk unified ideograph-6708	0
squared_cjk_unified_ideograph_7533	1F238	Squared cjk unified ideograph-7533	0
squared_cjk_unified_ideograph_5272	1F239	Squared cjk unified ideograph-5272	0
squared_cjk_unified_ideograph_55b6	1F23A	Squared cjk unified ideograph-55b6	0
circled_ideograph_advantage	1F250	Circled ideograph advantage	0
circled_ideograph_accept	1F251	Circled ideograph accept	0
cyclone	1F300	Cyclone	0
foggy	1F301	Foggy	0
closed_umbrella	1F302	Closed umbrella	0
night_with_stars	1F303	Night with stars	0
sunrise_over_mountains	1F304	Sunrise over mountains	0
sunrise	1F305	Sunrise	0
cityscape_at_dusk	1F306	Cityscape at dusk	0
sunset_over_buildings	1F307	Sunset over buildings	0
rainbow	1F308	Rainbow	0
bridge_at_night	1F309	Bridge at night	0
water_wave	1F30A	Water wave	0
volcano	1F30B	Volcano	0
milky_way	1F30C	Milky way	0
earth_globe_europe_africa	1F30D	Earth globe europe-africa	0
earth_globe_americas	1F30E	Earth globe americas	0
earth_globe_asia_australia	1F30F	Earth globe asia-australia	0
globe_with_meridians	1F310	Globe with meridians	0
new_moon_symbol	1F311	New moon symbol	0
waxing_crescent_moon_symbol	1F312	Waxing crescent moon symbol	0
first_quarter_moon_symbol	1F313	First quarter moon symbol	0
waxing_gibbous_moon_symbol	1F314	Waxing gibbous moon symbol	0
full_moon_symbol	1F315	Full moon symbol	0
waning_gibbous_moon_symbol	1F316	Waning gibbous moon symbol	0
last_quarter_moon_symbol	1F317	Last quarter moon symbol	0
waning_crescent_moon_symbol	1F318	Waning crescent moon symbol	0
crescent_moon	1F319	Crescent moon	0
new_moon_with_face	1F31A	New moon with face	0
first_quarter_moon_with_face	1F31B	First quarter moon with face	0
last_quarter_moon_with_face	1F31C	Last quarter moon with face	0
full_moon_with_face	1F31D	Full moon with face	0
sun_with_face	1F31E	Sun with face	0
glowing_star	1F31F	Glowing star	0
shooting_star	1F320	Shooting star	0
thermometer	1F321 FE0F	Thermometer	0
white_sun_with_small_cloud	1F324 FE0F	White sun with small cloud	0
white_sun_behind_cloud	1F325 FE0F	White sun behind cloud	0
white_sun_behind_cloud_with_rain	1F326 FE0F	White sun behind cloud with rain	0
cloud_with_rain	1F327 FE0F	Cloud with rain	0
cloud_with_snow	1F328 FE0F	Cloud with snow	0
cloud_with_lightning	1F329 FE0F	Cloud with lightning	0
cloud_with_tornado	1F32A FE0F	Cloud with tornado	0
fog	1F32B FE0F	Fog	0
wind_blowing_face	1F32C FE0F	Wind blowing face	0
hot_dog	1F32D	Hot dog	0
taco	1F32E	Taco	0
burrito	1F32F	Burrito	0
chestnut	1F330	Chestnut	0
seedling	1F331	Seedling	0
evergreen_tree	1F332	Evergreen tree	0
deciduous_tree	1F333	Deciduous tree	0
palm_tree	1F334	Palm tree	0
cactus	1F335	Cactus	0
hot_pepper	1F336 FE0F	Hot pepper	0
tulip	1F337	Tulip	0
cherry_blossom	1F338	Cherry blossom	0
rose	1F339	Rose	0
hibiscus	1F33A	Hibiscus	0
sunflower	1F33B	Sunflower	0
blossom	1F33C	Blossom	0
ear_of_maize	1F33D	Ear of maize	0
ear_of_rice	1F33E	Ear of rice	0
herb	1F33F	Herb	0
four_leaf_clover	1F340	Four leaf clover	0
maple_leaf	1F341	Maple leaf	0
fallen_leaf	1F342	Fallen leaf	0
leaf_fluttering_in_wind	1F343	Leaf fluttering in wind	0
mushroom	1F344	Mushroom	0
tomato	1F345	Tomato	0
aubergine	1F346	Aubergine	0
grapes	1F347	Grapes	0
melon	1F348	Melon	0
watermelon	1F349	Watermelon	0
tangerine	1F34A	Tangerine	0
lemon	1F34B	Lemon	0
banana	1F34C	Banana	0
pineapple	1F34D	Pineapple	0
red_apple	1F34E	Red apple	0
green_apple	1F34F	Green apple	0
pear	1F350	Pear	0
peach	1F351	Peach	0
cherries	1F352	Cherries	0
strawberry	1F353	Strawberry	0
hamburger	1F354	Hamburger	0
slice_of_pizza	1F355	Slice of pizza	0
meat_on_bone	1F356	Meat on bone	0
poultry_leg	1F357	Poultry leg	0
rice_cracker	1F358	Rice cracker	0
rice_ball	1F359	Rice ball	0
cooked_rice	1F35A	Cooked rice	0
curry_and_rice	1F35B	Curry and rice	0
steaming_bowl	1F35C	Steaming bowl	0
spaghetti	1F35D	Spaghetti	0
bread	1F35E	Bread	0
french_fries	1F35F	French fries	0
roasted_sweet_potato	1F360	Roasted sweet potato	0
dango	1F361	Dango	0
oden	1F362	Oden	0
sushi	1F363	Sushi	0
fried_shrimp	1F364	Fried shrimp	0
fish_cake_with_swirl_design	1F365	Fish cake with swirl design	0
soft_ice_cream	1F366	Soft ice cream	0
shaved_ice	1F367	Shaved ice	0
ice_cream	1F368	Ice cream	0
doughnut	1F369	Doughnut	0
cookie	1F36A	Cookie	0
chocolate_bar	1F36B	Chocolate bar	0
candy	1F36C	Candy	0
lollipop	1F36D	Lollipop	0
custard	1F36E	Custard	0
honey_pot	1F36F	Honey pot	0
shortcake	1F370	Shortcake	0
bento_box	1F371	Bento box	0
pot_of_food	1F372	Pot of food	0
cooking	1F373	Cooking	0
fork_and_knife	1F374	Fork and knife	0
teacup_without_handle	1F375	Teacup without handle	0
sake_bottle_and_cup	1F376	Sake bottle and cup	0
wine_glass	1F377	Wine glass	0
cocktail_glass	1F378	Cocktail glass	0
tropical_drink	1F379	Tropical drink	0
beer_mug	1F37A	Beer mug	0
clinking_beer_mugs	1F37B	Clinking beer mugs	0
baby_bottle	1F37C	Baby bottle	0
fork_and_knife_with_plate	1F37D FE0F	Fork and knife with plate	0
bottle_with_popping_cork	1F37E	Bottle with popping cork	0
popcorn	1F37F	Popcorn	0
ribbon	1F380	Ribbon	0
wrapped_present	1F381	Wrapped present	0
birthday_cake	1F382	Birthday cake	0
jack_o_lantern	1F383	Jack-o-lantern	0
christmas_tree	1F384	Christmas tree	0
father_christmas	1F385	Father christmas	1
fireworks	1F386	Fireworks	0
firework_sparkler	1F387	Firework sparkler	0
balloon	1F388	Balloon	0
party_popper	1F389	Party popper	0
confetti_ball	1F38A	Confetti ball	0
tanabata_tree	1F38B	Tanabata tree	0
crossed_flags	1F38C	Crossed flags	0
pine_decoration	1F38D	Pine decoration	0
japanese_dolls	1F38E	Japanese dolls	0
carp_streamer	1F38F	Carp streamer	0
wind_chime	1F390	Wind chime	0
moon_viewing_ceremony	1F391	Moon viewing ceremony	0
school_satchel	1F392	School satchel	0
graduation_cap	1F393	Graduation cap	0
military_medal	1F396 FE0F	Military medal	0
reminder_ribbon	1F397 FE0F	Reminder ribbon	0
studio_microphone	1F399 FE0F	Studio microphone	0
level_slider	1F39A FE0F	Level slider	0
control_knobs	1F39B FE0F	Control knobs	0
film_frames	1F39E FE0F	Film frames	0
admission_tickets	1F39F FE0F	Admission tickets	0
carousel_horse	1F3A0	Carousel horse	0
ferris_wheel	1F3A1	Ferris wheel	0
roller_coaster	1F3A2	Roller coaster	0
fishing_pole_and_fish	1F3A3	Fishing pole and fish	0
microphone	1F3A4	Microphone	0
movie_camera	1F3A5	Movie camera	0
cinema	1F3A6	Cinema	0
headphone	1F3A7	Headphone	0
artist_palette	1F3A8	Artist palette	0
top_hat	1F3A9	Top hat	0
circus_tent	1F3AA	Circus tent	0
ticket	1F3AB	Ticket	0
clapper_board	1F3AC	Clapper board	0
performing_arts	1F3AD	Performing arts	0
video_game	1F3AE	Video game	0
direct_hit	1F3AF	Direct hit	0
slot_machine	1F3B0	Slot machine	0
billiards	1F3B1	Billiards	0
game_die	1F3B2	Game die	0
bowling	1F3B3	Bowling	0
flower_playing_cards	1F3B4	Flower playing cards	0
musical_note	1F3B5	Musical note	0
multiple_musical_notes	1F3B6	Multiple musical notes	0
saxophone	1F3B7	Saxophone	0
guitar	1F3B8	Guitar	0
musical_keyboard	1F3B9	Musical keyboard	0
trumpet	1F3BA	Trumpet	0
violin	1F3BB	Violin	0
musical_score	1F3BC	Musical score	0
running_shirt_with_sash	1F3BD	Running shirt with sash	0
tennis_racquet_and_ball	1F3BE	Tennis racquet and ball	0
ski_and_ski_boot	1F3BF	Ski and ski boot	0
basketball_and_hoop	1F3C0	Basketball and hoop	0
chequered_flag	1F3C1	Chequered flag	0
snowboarder	1F3C2	Snowboarder	1
runner	1F3C3	Runner	1
surfer	1F3C4	Surfer	1
sports_medal	1F3C5	Sports medal	0
trophy	1F3C6	Trophy	0
horse_racing	1F3C7	Horse racing	1
american_football	1F3C8	American football	0
rugby_football	1F3C9	Rugby football	0
swimmer	1F3CA	Swimmer	1
weight_lifter	1F3CB FE0F	Weight lifter	1
golfer	1F3CC FE0F	Golfer	1
racing_motorcycle	1F3CD FE0F	Racing motorcycle	0
racing_car	1F3CE FE0F	Racing car	0
cricket_bat_and_ball	1F3CF	Cricket bat and ball	0
volleyball	1F3D0	Volleyball	0
field_hockey_stick_and_ball	1F3D1	Field hockey stick and ball	0
ice_hockey_stick_and_puck	1F3D2	Ice hockey stick and puck	0
table_tennis_paddle_and_ball	1F3D3	Table tennis paddle and ball	0
snow_capped_mountain	1F3D4 FE0F	Snow capped mountain	0
camping	1F3D5 FE0F	Camping	0
beach_with_umbrella	1F3D6 FE0F	Beach with umbrella	0
building_construction	1F3D7 FE0F	Building construction	0
house_buildings	1F3D8 FE0F	House buildings	0
cityscape	1F3D9 FE0F	Cityscape	0
derelict_house_building	1F3DA FE0F	Derelict house building	0
classical_building	1F3DB FE0F	Classical building	0
desert	1F3DC FE0F	Desert	0
desert_island	1F3DD FE0F	Desert island	0
national_park	1F3DE FE0F	National park	0
stadium	1F3DF FE0F	Stadium	0
house_building	1F3E0	House building	0
house_with_garden	1F3E1	House with garden	0
office_building	1F3E2	Office building	0
japanese_post_office	1F3E3	Japanese post office	0
european_post_office	1F3E4	European post office	0
hospital	1F3E5	Hospital	0
bank	1F3E6	Bank	0
automated_teller_machine	1F3E7	Automated teller machine	0
hotel	1F3E8	Hotel	0
love_hotel	1F3E9	Love hotel	0
convenience_store	1F3EA	Convenience store	0
school	1F3EB	School	0
department_store	1F3EC	Department store	0
factory	1F3ED	Factory	0
izakaya_lantern	1F3EE	Izakaya lantern	0
japanese_castle	1F3EF	Japanese castle	0
european_castle	1F3F0	European castle	0
waving_white_flag	1F3F3 FE0F	Waving white flag	0
waving_black_flag	1F3F4	Waving black flag	0
rosette	1F3F5 FE0F	Rosette	0
label	1F3F7 FE0F	Label	0
badminton_racquet_and_shuttlecock	1F3F8	Badminton racquet and shuttlecock	0
bow_and_arrow	1F3F9	Bow and arrow	0
amphora	1F3FA	Amphora	0
rat	1F400	Rat	0
mouse	1F401	Mouse	0
ox	1F402	Ox	0
water_buffalo	1F403	Water buffalo	0
cow	1F404	Cow	0
tiger	1F405	Tiger	0
leopard	1F406	Leopard	0
rabbit	1F407	Rabbit	0
cat	1F408	Cat	0
dragon	1F409	Dragon	0
crocodile	1F40A	Crocodile	0
whale	1F40B	Whale	0
snail	1F40C	Snail	0
snake	1F40D	Snake	0
horse	1F40E	Horse	0
ram	1F40F	Ram	0
goat	1F410	Goat	0
sheep	1F411	Sheep	0
monkey	1F412	Monkey	0
rooster	1F413	Rooster	0
chicken	1F414	Chicken	0
dog	1F415	Dog	0
pig	1F416	Pig	0
boar	1F417	Boar	0
elephant	1F418	Elephant	0
octopus	1F419	Octopus	0
spiral_shell	1F41A	Spiral shell	0
bug	1F41B	Bug	0
ant	1F41C	Ant	0
honeybee	1F41D	Honeybee	0
lady_beetle	1F41E	Lady beetle	0
fish	1F41F	Fish	0
tropical_fish	1F420	Tropical fish	0
blowfish	1F421	Blowfish	0
turtle	1F422	Turtle	0
hatching_chick	1F423	Hatching chick	0
baby_chick	1F424	Baby chick	0
front_facing_baby_chick	1F425	Front-facing baby chick	0
bird	1F426	Bird	0
penguin	1F427	Penguin	0
koala	1F428	Koala	0
poodle	1F429	Poodle	0
dromedary_camel	1F42A	Dromedary camel	0
bactrian_camel	1F42B	Bactrian camel	0
dolphin	1F42C	Dolphin	0
mouse_face	1F42D	Mouse face	0
cow_face	1F42E	Cow face	0
tiger_face	1F42F	Tiger face	0
rabbit_face	1F430	Rabbit face	0
cat_face	1F431	Cat face	0
dragon_face	1F432	Dragon face	0
spouting_whale	1F433	Spouting whale	0
horse_face	1F434	Horse face	0
monkey_face	1F435	Monkey face	0
dog_face	1F436	Dog face	0
pig_face	1F437	Pig face	0
frog_face	1F438	Frog face	0
hamster_face	1F439	Hamster face	0
wolf_face	1F43A	Wolf face	0
bear_face	1F43B	Bear face	0
panda_face	1F43C	Panda face	0
pig_nose	1F43D	Pig nose	0
paw_prints	1F43E	Paw prints	0
chipmunk	1F43F FE0F	Chipmunk	0
eyes	1F440	Eyes	0
eye	1F441 FE0F	Eye	0
ear	1F442	Ear	1
nose	1F443	Nose	1
mouth	1F444	Mouth	0
tongue	1F445	Tongue	0
white_up_pointing_backhand_index	1F446	White up pointing backhand index	1
white_down_pointing_backhand_index	1F447	White down pointing backhand index	1
white_left_pointing_backhand_index	1F448	White left pointing backhand index	1
white_right_pointing_backhand_index	1F449	White right pointing backhand index	1
fisted_hand_sign	1F44A	Fisted hand sign	1
waving_hand_sign	1F44B	Waving hand sign	1
ok_hand_sign	1F44C	Ok hand sign	1
thumbs_up_sign	1F44D	Thumbs up sign	1
thumbs_down_sign	1F44E	Thumbs down sign	1
clapping_hands_sign	1F44F	Clapping hands sign	1
open_hands_sign	1F450	Open hands sign	1
crown	1F451	Crown	0
womans_hat	1F452	Womans hat	0
eyeglasses	1F453	Eyeglasses	0
necktie	1F454	Necktie	0
t_shirt	1F455	T-shirt	0
jeans	1F456	Jeans	0
dress	1F457	Dress	0
kimono	1F458	Kimono	0
bikini	1F459	Bikini	0
womans_clothes	1F45A	Womans clothes	0
purse	1F45B	Purse	0
handbag	1F45C	Handbag	0
pouch	1F45D	Pouch	0
mans_shoe	1F45E	Mans shoe	0
athletic_shoe	1F45F	Athletic shoe	0
high_heeled_shoe	1F460	High-heeled shoe	0
womans_sandal	1F461	Womans sandal	0
womans_boots	1F462	Womans boots	0
footprints	1F463	Footprints	0
bust_in_silhouette	1F464	Bust in silhouette	0
busts_in_silhouette	1F465	Busts in silhouette	0
boy	1F466	Boy	1
girl	1F467	Girl	1
man	1F468	Man	1
woman	1F469	Woman	1
family	1F46A	Family	1
man_and_woman_holding_hands	1F46B	Man and woman holding hands	1
two_men_holding_hands	1F46C	Two men holding hands	1
two_women_holding_hands	1F46D	Two women holding hands	1
police_officer	1F46E	Police officer	1
woman_with_bunny_ears	1F46F	Woman with bunny ears	1
bride_with_veil	1F470	Bride with veil	1
person_with_blond_hair	1F471	Person with blond hair	1
man_with_gua_pi_mao	1F472	Man with gua pi mao	1
man_with_turban	1F473	Man with turban	1
older_man	1F474	Older man	1
older_woman	1F475	Older woman	1
baby	1F476	Baby	1
construction_worker	1F477	Construction worker	1
princess	1F478	Princess	1
japanese_ogre	1F479	Japanese ogre	0
japanese_goblin	1F47A	Japanese goblin	0
ghost	1F47B	Ghost	0
baby_angel	1F47C	Baby angel	1
extraterrestrial_alien	1F47D	Extraterrestrial alien	0
alien_monster	1F47E	Alien monster	0
imp	1F47F	Imp	0
skull	1F480	Skull	0
information_desk_person	1F481	Information desk person	1
guardsman	1F482	Guardsman	1
dancer	1F483	Dancer	1
lipstick	1F484	Lipstick	0
nail_polish	1F485	Nail polish	1
face_massage	1F486	Face massage	1
haircut	1F487	Haircut	1
barber_pole	1F488	Barber pole	0
syringe	1F489	Syringe	0
pill	1F48A	Pill	0
kiss_mark	1F48B	Kiss mark	0
love_letter	1F48C	Love letter	0
ring	1F48D	Ring	0
gem_stone	1F48E	Gem stone	0
kiss	1F48F	Kiss	1
bouquet	1F490	Bouquet	0
couple_with_heart	1F491	Couple with heart	1
wedding	1F492	Wedding	0
beating_heart	1F493	Beating heart	0
broken_heart	1F494	Broken heart	0
two_hearts	1F495	Two hearts	0
sparkling_heart	1F496	Sparkling heart	0
growing_heart	1F497	Growing heart	0
heart_with_arrow	1F498	Heart with arrow	0
blue_heart	1F499	Blue heart	0
green_heart	1F49A	Green heart	0
yellow_heart	1F49B	Yellow heart	0
purple_heart	1F49C	Purple heart	0
heart_with_ribbon	1F49D	Heart with ribbon	0
revolving_hearts	1F49E	Revolving hearts	0
heart_decoration	1F49F	Heart decoration	0
diamond_shape_with_a_dot_inside	1F4A0	Diamond shape with a dot inside	0
electric_light_bulb	1F4A1	Electric light bulb	0
anger_symbol	1F4A2	Anger symbol	0
bomb	1F4A3	Bomb	0
sleeping_symbol	1F4A4	Sleeping symbol	0
collision_symbol	1F4A5	Collision symbol	0
splashing_sweat_symbol	1F4A6	Splashing sweat symbol	0
droplet	1F4A7	Droplet	0
dash_symbol	1F4A8	Dash symbol	0
pile_of_poo	1F4A9	Pile of poo	0
flexed_biceps	1F4AA	Flexed biceps	1
dizzy_symbol	1F4AB	Dizzy symbol	0
speech_balloon	1F4AC	Speech balloon	0
thought_balloon	1F4AD	Thought balloon	0
white_flower	1F4AE	White flower	0
hundred_points_symbol	1F4AF	Hundred points symbol	0
money_bag	1F4B0	Money bag	0
currency_exchange	1F4B1	Currency exchange	0
heavy_dollar_sign	1F4B2	Heavy dollar sign	0
credit_card	1F4B3	Credit card	0
banknote_with_yen_sign	1F4B4	Banknote with yen sign	0
banknote_with_dollar_sign	1F4B5	Banknote with dollar sign	0
banknote_with_euro_sign	1F4B6	Banknote with euro sign	0
banknote_with_pound_sign	1F4B7	Banknote with pound sign	0
money_with_wings	1F4B8	Money with wings	0
chart_with_upwards_trend_and_yen_sign	1F4B9	Chart with upwards trend and yen sign	0
seat	1F4BA	Seat	0
personal_computer	1F4BB	Personal computer	0
briefcase	1F4BC	Briefcase	0
minidisc	1F4BD	Minidisc	0
floppy_disk	1F4BE	Floppy disk	0
optical_disc	1F4BF	Optical disc	0
dvd	1F4C0	Dvd	0
file_folder	1F4C1	File folder	0
open_file_folder	1F4C2	Open file folder	0
page_with_curl	1F4C3	Page with curl	0
page_facing_up	1F4C4	Page facing up	0
calendar	1F4C5	Calendar	0
tear_off_calendar	1F4C6	Tear-off calendar	0
card_index	1F4C7	Card index	0
chart_with_upwards_trend	1F4C8	Chart with upwards trend	0
chart_with_downwards_trend	1F4C9	Chart with downwards trend	0
bar_chart	1F4CA	Bar chart	0
clipboard	1F4CB	Clipboard	0
pushpin	1F4CC	Pushpin	0
round_pushpin	1F4CD	Round pushpin	0
paperclip	1F4CE	Paperclip	0
straight_ruler	1F4CF	Straight ruler	0
triangular_ruler	1F4D0	Triangular ruler	0
bookmark_tabs	1F4D1	Bookmark tabs	0
ledger	1F4D2	Ledger	0
notebook	1F4D3	Notebook	0
notebook_with_decorative_cover	1F4D4	Notebook with decorative cover	0
closed_book	1F4D5	Closed book	0
open_book	1F4D6	Open book	0
green_book	1F4D7	Green book	0
blue_book	1F4D8	Blue book	0
orange_book	1F4D9	Orange book	0
books	1F4DA	Books	0
name_badge	1F4DB	Name badge	0
scroll	1F4DC	Scroll	0
memo	1F4DD	Memo	0
telephone_receiver	1F4DE	Telephone receiver	0
pager	1F4DF	Pager	0
fax_machine	1F4E0	Fax machine	0
satellite_antenna	1F4E1	Satellite antenna	0
public_address_loudspeaker	1F4E2	Public address loudspeaker	0
cheering_megaphone	1F4E3	Cheering megaphone	0
outbox_tray	1F4E4	Outbox tray	0
inbox_tray	1F4E5	Inbox tray	0
package	1F4E6	Package	0
e_mail_symbol	1F4E7	E-mail symbol	0
incoming_envelope	1F4E8	Incoming envelope	0
envelope_with_downwards_arrow_above	1F4E9	Envelope with downwards arrow above	0
closed_mailbox_with_lowered_flag	1F4EA	Closed mailbox with lowered flag	0
closed_mailbox_with_raised_flag	1F4EB	Closed mailbox with raised flag	0
open_mailbox_with_raised_flag	1F4EC	Open mailbox with raised flag	0
open_mailbox_with_lowered_flag	1F4ED	Open mailbox with lowered flag	0
postbox	1F4EE	Postbox	0
postal_horn	1F4EF	Postal horn	0
newspaper	1F4F0	Newspaper	0
mobile_phone	1F4F1	Mobile phone	0
mobile_phone_with_rightwards_arrow_at_left	1F4F2	Mobile phone with rightwards arrow at left	0
vibration_mode	1F4F3	Vibration mode	0
mobile_phone_off	1F4F4	Mobile phone off	0
no_mobile_phones	1F4F5	No mobile phones	0
antenna_with_bars	1F4F6	Antenna with bars	0
camera	1F4F7	Camera	0
camera_with_flash	1F4F8	Camera with flash	0
video_camera	1F4F9	Video camera	0
television	1F4FA	Television	0
radio	1F4FB	Radio	0
videocassette	1F4FC	Videocassette	0
film_projector	1F4FD FE0F	Film projector	0
prayer_beads	1F4FF	Prayer beads	0
twisted_rightwards_arrows	1F500	Twisted rightwards arrows	0
clockwise_rightwards_and_leftwards_open_circle_arrows	1F501	Clockwise rightwards and leftwards open circle arrows	0
clockwise_rightwards_and_leftwards_open_circle_arrows_with_circled_one_overlay	1F502	Clockwise rightwards and leftwards open circle arrows with circled one overlay	0
clockwise_downwards_and_upwards_open_circle_arrows	1F503	Clockwise downwards and upwards open circle arrows	0
anticlockwise_downwards_and_upwards_open_circle_arrows	1F504	Anticlockwise downwards and upwards open circle arrows	0
low_brightness_symbol	1F505	Low brightness symbol	0
high_brightness_symbol	1F506	High brightness symbol	0
speaker_with_cancellation_stroke	1F507	Speaker with cancellation stroke	0
speaker	1F508	Speaker	0
speaker_with_one_sound_wave	1F509	Speaker with one sound wave	0
speaker_with_three_sound_waves	1F50A	Speaker with three sound waves	0
battery	1F50B	Battery	0
electric_plug	1F50C	Electric plug	0
left_pointing_magnifying_glass	1F50D	Left-pointing magnifying glass	0
right_pointing_magnifying_glass	1F50E	Right-pointing magnifying glass	0
lock_with_ink_pen	1F50F	Lock with ink pen	0
closed_lock_with_key	1F510	Closed lock with key	0
key	1F511	Key	0
lock	1F512	Lock	0
open_lock	1F513	Open lock	0
bell	1F514	Bell	0
bell_with_cancellation_stroke	1F515	Bell with cancellation stroke	0
bookmark	1F516	Bookmark	0
link_symbol	1F517	Link symbol	0
radio_button	1F518	Radio button	0
back_with_leftwards_arrow_above	1F519	Back with leftwards arrow above	0
end_with_leftwards_arrow_above	1F51A	End with leftwards arrow above	0
on_with_exclamation_mark_with_left_right_arrow_above	1F51B	On with exclamation mark with left right arrow above	0
soon_with_rightwards_arrow_above	1F51C	Soon with rightwards arrow above	0
top_with_upwards_arrow_above	1F51D	Top with upwards arrow above	0
no_one_under_eighteen_symbol	1F51E	No one under eighteen symbol	0
keycap_ten	1F51F	Keycap ten	0
input_symbol_for_latin_capital_letters	1F520	Input symbol for latin capital letters	0
input_symbol_for_latin_small_letters	1F521	Input symbol for latin small letters	0
input_symbol_for_numbers	1F522	Input symbol for numbers	0
input_symbol_for_symbols	1F523	Input symbol for symbols	0
input_symbol_for_latin_letters	1F524	Input symbol for latin letters	0
fire	1F525	Fire	0
electric_torch	1F526	Electric torch	0
wrench	1F527	Wrench	0
hammer	1F528	Hammer	0
nut_and_bolt	1F529	Nut and bolt	0
hocho	1F52A	Hocho	0
pistol	1F52B	Pistol	0
microscope	1F52C	Microscope	0
telescope	1F52D	Telescope	0
crystal_ball	1F52E	Crystal ball	0
six_pointed_star_with_middle_dot	1F52F	Six pointed star with middle dot	0
japanese_symbol_for_beginner	1F530	Japanese symbol for beginner	0
trident_emblem	1F531	Trident emblem	0
black_square_button	1F532	Black square button	0
white_square_button	1F533	White square button	0
large_red_circle	1F534	Large red circle	0
large_blue_circle	1F535	Large blue circle	0
large_orange_diamond	1F536	Large orange diamond	0
large_blue_diamond	1F537	Large blue diamond	0
small_orange_diamond	1F538	Small orange diamond	0
small_blue_diamond	1F539	Small blue diamond	0
up_pointing_red_triangle	1F53A	Up-pointing red triangle	0
down_pointing_red_triangle	1F53B	Down-pointing red triangle	0
up_pointing_small_red_triangle	1F53C	Up-pointing small red triangle	0
down_pointing_small_red_triangle	1F53D	Down-pointing small red triangle	0
om_symbol	1F549 FE0F	Om symbol	0
dove_of_peace	1F54A FE0F	Dove of peace	0
kaaba	1F54B	Kaaba	0
mosque	1F54C	Mosque	0
synagogue	1F54D	Synagogue	0
menorah_with_nine_branches	1F54E	Menorah with nine branches	0
clock_face_one_oclock	1F550	Clock face one oclock	0
clock_face_two_oclock	1F551	Clock face two oclock	0
clock_face_three_oclock	1F552	Clock face three oclock	0
clock_face_four_oclock	1F553	Clock face four oclock	0
clock_face_five_oclock	1F554	Clock face five oclock	0
clock_face_six_oclock	1F555	Clock face six oclock	0
clock_face_seven_oclock	1F556	Clock face seven oclock	0
clock_face_eight_oclock	1F557	Clock face eight oclock	0
clock_face_nine_oclock	1F558	Clock face nine oclock	0
clock_face_ten_oclock	1F559	Clock face ten oclock	0
clock_face_eleven_oclock	1F55A	Clock face eleven oclock	0
clock_face_twelve_oclock	1F55B	Clock face twelve oclock	0
clock_face_one_thirty	1F55C	Clock face one-thirty	0
clock_face_two_thirty	1F55D	Clock face two-thirty	0
clock_face_three_thirty	1F55E	Clock face three-thirty	0
clock_face_four_thirty	1F55F	Clock face four-thirty	0
clock_face_five_thirty	1F560	Clock face five-thirty	0
clock_face_six_thirty	1F561	Clock face six-thirty	0
clock_face_seven_thirty	1F562	Clock face seven-thirty	0
clock_face_eight_thirty	1F563	Clock face eight-thirty	0
clock_face_nine_thirty	1F564	Clock face nine-thirty	0
clock_face_ten_thirty	1F565	Clock face ten-thirty	0
clock_face_eleven_thirty	1F566	Clock face eleven-thirty	0
clock_face_twelve_thirty	1F567	Clock face twelve-thirty	0
candle	1F56F FE0F	Candle	0
mantelpiece_clock	1F570 FE0F	Mantelpiece clock	0
hole	1F573 FE0F	Hole	0
man_in_business_suit_levitating	1F574 FE0F	Man in business suit levitating	1
sleuth_or_spy	1F575 FE0F	Sleuth or spy	1
dark_sunglasses	1F576 FE0F	Dark sunglasses	0
spider	1F577 FE0F	Spider	0
spider_web	1F578 FE0F	Spider web	0
joystick	1F579 FE0F	Joystick	0
man_dancing	1F57A	Man dancing	1
linked_paperclips	1F587 FE0F	Linked paperclips	0
lower_left_ballpoint_pen	1F58A FE0F	Lower left ballpoint pen	0
lower_left_fountain_pen	1F58B FE0F	Lower left fountain pen	0
lower_left_paintbrush	1F58C FE0F	Lower left paintbrush	0
lower_left_crayon	1F58D FE0F	Lower left crayon	0
raised_hand_with_fingers_splayed	1F590 FE0F	Raised hand with fingers splayed	1
reversed_hand_with_middle_finger_extended	1F595	Reversed hand with middle finger extended	1
raised_hand_with_part_between_middle_and_ring_fingers	1F596	Raised hand with part between middle and ring fingers	1
black_heart	1F5A4	Black heart	0
desktop_computer	1F5A5 FE0F	Desktop computer	0
printer	1F5A8 FE0F	Printer	0
three_button_mouse	1F5B1 FE0F	Three button mouse	0
trackball	1F5B2 FE0F	Trackball	0
frame_with_picture	1F5BC FE0F	Frame with picture	0
card_index_dividers	1F5C2 FE0F	Card index dividers	0
card_file_box	1F5C3 FE0F	Card file box	0
file_cabinet	1F5C4 FE0F	File cabinet	0
wastebasket	1F5D1 FE0F	Wastebasket	0
spiral_note_pad	1F5D2 FE0F	Spiral note pad	0
spiral_calendar_pad	1F5D3 FE0F	Spiral calendar pad	0
compression	1F5DC FE0F	Compression	0
old_key	1F5DD FE0F	Old key	0
rolled_up_newspaper	1F5DE FE0F	Rolled-up newspaper	0
dagger_knife	1F5E1 FE0F	Dagger knife	0
speaking_head_in_silhouette	1F5E3 FE0F	Speaking head in silhouette	0
left_speech_bubble	1F5E8 FE0F	Left speech bubble	0
right_anger_bubble	1F5EF FE0F	Right anger bubble	0
ballot_box_with_ballot	1F5F3 FE0F	Ballot box with ballot	0
world_map	1F5FA FE0F	World map	0
mount_fuji	1F5FB	Mount fuji	0
tokyo_tower	1F5FC	Tokyo tower	0
statue_of_liberty	1F5FD	Statue of liberty	0
silhouette_of_japan	1F5FE	Silhouette of japan	0
moyai	1F5FF	Moyai	0
grinning_face	1F600	Grinning face	0
grinning_face_with_smiling_eyes	1F601	Grinning face with smiling eyes	0
face_with_tears_of_joy	1F602	Face with tears of joy	0
smiling_face_with_open_mouth	1F603	Smiling face with open mouth	0
smiling_face_with_open_mouth_and_smiling_eyes	1F604	Smiling face with open mouth and smiling eyes	0
smiling_face_with_open_mouth_and_cold_sweat	1F605	Smiling face with open mouth and cold sweat	0
smiling_face_with_open_mouth_and_tightly_closed_eyes	1F606	Smiling face with open mouth and tightly-closed eyes	0
smiling_face_with_halo	1F607	Smiling face with halo	0
smiling_face_with_horns	1F608	Smiling face with horns	0
winking_face	1F609	Winking face	0
smiling_face_with_smiling_eyes	1F60A	Smiling face with smiling eyes	0
face_savouring_delicious_food	1F60B	Face savouring delicious food	0
relieved_face	1F60C	Relieved face	0
smiling_face_with_heart_shaped_eyes	1F60D	Smiling face with heart-shaped eyes	0
smiling_face_with_sunglasses	1F60E	Smiling face with sunglasses	0
smirking_face	1F60F	Smirking face	0
neutral_face	1F610	Neutral face	0
expressionless_face	1F611	Expressionless face	0
unamused_face	1F612	Unamused face	0
face_with_cold_sweat	1F613	Face with cold sweat	0
pensive_face	1F614	Pensive face	0
confused_face	1F615	Confused face	0
confounded_face	1F616	Confounded face	0
kissing_face	1F617	Kissing face	0
face_throwing_a_kiss	1F618	Face throwing a kiss	0
kissing_face_with_smiling_eyes	1F619	Kissing face with smiling eyes	0
kissing_face_with_closed_eyes	1F61A	Kissing face with closed eyes	0
face_with_stuck_out_tongue	1F61B	Face with stuck-out tongue	0
face_with_stuck_out_tongue_and_winking_eye	1F61C	Face with stuck-out tongue and winking eye	0
face_with_stuck_out_tongue_and_tightly_closed_eyes	1F61D	Face with stuck-out tongue and tightly-closed eyes	0
disappointed_face	1F61E	Disappointed face	0
worried_face	1F61F	Worried face	0
angry_face	1F620	Angry face	0
pouting_face	1F621	Pouting face	0
crying_face	1F622	Crying face	0
persevering_face	1F623	Persevering face	0
face_with_look_of_triumph	1F624	Face with look of triumph	0
disappointed_but_relieved_face	1F625	Disappointed but relieved face	0
frowning_face_with_open_mouth	1F626	Frowning face with open mouth	0
anguished_face	1F627	Anguished face	0
fearful_face	1F628	Fearful face	0
weary_face	1F629	Weary face	0
sleepy_face	1F62A	Sleepy face	0
tired_face	1F62B	Tired face	0
grimacing_face	1F62C	Grimacing face	0
loudly_crying_face	1F62D	Loudly crying face	0
face_with_open_mouth	1F62E	Face with open mouth	0
hushed_face	1F62F	Hushed face	0
face_with_open_mouth_and_cold_sweat	1F630	Face with open mouth and cold sweat	0
face_screaming_in_fear	1F631	Face screaming in fear	0
astonished_face	1F632	Astonished face	0
flushed_face	1F633	Flushed face	0
sleeping_face	1F634	Sleeping face	0
dizzy_face	1F635	Dizzy face	0
face_without_mouth	1F636	Face without mouth	0
face_with_medical_mask	1F637	Face with medical mask	0
grinning_cat_face_with_smiling_eyes	1F638	Grinning cat face with smiling eyes	0
cat_face_with_tears_of_joy	1F639	Cat face with tears of joy	0
smiling_cat_face_with_open_mouth	1F63A	Smiling cat face with open mouth	0
smiling_cat_face_with_heart_shaped_eyes	1F63B	Smiling cat face with heart-shaped eyes	0
cat_face_with_wry_smile	1F63C	Cat face with wry smile	0
kissing_cat_face_with_closed_eyes	1F63D	Kissing cat face with closed eyes	0
pouting_cat_face	1F63E	Pouting cat face	0
crying_cat_face	1F63F	Crying cat face	0
weary_cat_face	1F640	Weary cat face	0
slightly_frowning_face	1F641	Slightly frowning face	0
slightly_smiling_face	1F642	Slightly smiling face	0
upside_down_face	1F643	Upside-down face	0
face_with_rolling_eyes	1F644	Face with rolling eyes	0
face_with_no_good_gesture	1F645	Face with no good gesture	1
face_with_ok_gesture	1F646	Face with ok gesture	1
person_bowing_deeply	1F647	Person bowing deeply	1
see_no_evil_monkey	1F648	See-no-evil monkey	0
hear_no_evil_monkey	1F649	Hear-no-evil monkey	0
speak_no_evil_monkey	1F64A	Speak-no-evil monkey	0
happy_person_raising_one_hand	1F64B	Happy person raising one hand	1
person_raising_both_hands_in_celebration	1F64C	Person raising both hands in celebration	1
person_frowning	1F64D	Person frowning	1
person_with_pouting_face	1F64E	Person with pouting face	1
person_with_folded_hands	1F64F	Person with folded hands	1
rocket	1F680	Rocket	0
helicopter	1F681	Helicopter	0
steam_locomotive	1F682	Steam locomotive	0
railway_car	1F683	Railway car	0
high_speed_train	1F684	High-speed train	0
high_speed_train_with_bullet_nose	1F685	High-speed train with bullet nose	0
train	1F686	Train	0
metro	1F687	Metro	0
light_rail	1F688	Light rail	0
station	1F689	Station	0
tram	1F68A	Tram	0
tram_car	1F68B	Tram car	0
bus	1F68C	Bus	0
oncoming_bus	1F68D	Oncoming bus	0
trolleybus	1F68E	Trolleybus	0
bus_stop	1F68F	Bus stop	0
minibus	1F690	Minibus	0
ambulance	1F691	Ambulance	0
fire_engine	1F692	Fire engine	0
police_car	1F693	Police car	0
oncoming_police_car	1F694	Oncoming police car	0
taxi	1F695	Taxi	0
oncoming_taxi	1F696	Oncoming taxi	0
automobile	1F697	Automobile	0
oncoming_automobile	1F698	Oncoming automobile	0
recreational_vehicle	1F699	Recreational vehicle	0
delivery_truck	1F69A	Delivery truck	0
articulated_lorry	1F69B	Articulated lorry	0
tractor	1F69C	Tractor	0
monorail	1F69D	Monorail	0
mountain_railway	1F69E	Mountain railway	0
suspension_railway	1F69F	Suspension railway	0
mountain_cableway	1F6A0	Mountain cableway	0
aerial_tramway	1F6A1	Aerial tramway	0
ship	1F6A2	Ship	0
rowboat	1F6A3	Rowboat	1
speedboat	1F6A4	Speedboat	0
horizontal_traffic_light	1F6A5	Horizontal traffic light	0
vertical_traffic_light	1F6A6	Vertical traffic light	0
construction_sign	1F6A7	Construction sign	0
police_cars_revolving_light	1F6A8	Police cars revolving light	0
triangular_flag_on_post	1F6A9	Triangular flag on post	0
door	1F6AA	Door	0
no_entry_sign	1F6AB	No entry sign	0
smoking_symbol	1F6AC	Smoking symbol	0
no_smoking_symbol	1F6AD	No smoking symbol	0
put_litter_in_its_place_symbol	1F6AE	Put litter in its place symbol	0
do_not_litter_symbol	1F6AF	Do not litter symbol	0
potable_water_symbol	1F6B0	Potable water symbol	0
non_potable_water_symbol	1F6B1	Non-potable water symbol	0
bicycle	1F6B2	Bicycle	0
no_bicycles	1F6B3	No bicycles	0
bicyclist	1F6B4	Bicyclist	1
mountain_bicyclist	1F6B5	Mountain bicyclist	1
pedestrian	1F6B6	Pedestrian	1
no_pedestrians	1F6B7	No pedestrians	0
children_crossing	1F6B8	Children crossing	0
mens_symbol	1F6B9	Mens symbol	0
womens_symbol	1F6BA	Womens symbol	0
restroom	1F6BB	Restroom	0
baby_symbol	1F6BC	Baby symbol	0
toilet	1F6BD	Toilet	0
water_closet	1F6BE	Water closet	0
shower	1F6BF	Shower	0
bath	1F6C0	Bath	1
bathtub	1F6C1	Bathtub	0
passport_control	1F6C2	Passport control	0
customs	1F6C3	Customs	0
baggage_claim	1F6C4	Baggage claim	0
left_luggage	1F6C5	Left luggage	0
couch_and_lamp	1F6CB FE0F	Couch and lamp	0
sleeping_accommodation	1F6CC	Sleeping accommodation	1
shopping_bags	1F6CD FE0F	Shopping bags	0
bellhop_bell	1F6CE FE0F	Bellhop bell	0
bed	1F6CF FE0F	Bed	0
place_of_worship	1F6D0	Place of worship	0
octagonal_sign	1F6D1	Octagonal sign	0
shopping_trolley	1F6D2	Shopping trolley	0
hindu_temple	1F6D5	Hindu temple	0
hut	1F6D6	Hut	0
elevator	1F6D7	Elevator	0
wireless	1F6DC	Wireless	0
playground_slide	1F6DD	Playground slide	0
wheel	1F6DE	Wheel	0
ring_buoy	1F6DF	Ring buoy	0
hammer_and_wrench	1F6E0 FE0F	Hammer and wrench	0
shield	1F6E1 FE0F	Shield	0
oil_drum	1F6E2 FE0F	Oil drum	0
motorway	1F6E3 FE0F	Motorway	0
railway_track	1F6E4 FE0F	Railway track	0
motor_boat	1F6E5 FE0F	Motor boat	0
small_airplane	1F6E9 FE0F	Small airplane	0
airplane_departure	1F6EB	Airplane departure	0
airplane_arriving	1F6EC	Airplane arriving	0
satellite	1F6F0 FE0F	Satellite	0
passenger_ship	1F6F3 FE0F	Passenger ship	0
scooter	1F6F4	Scooter	0
motor_scooter	1F6F5	Motor scooter	0
canoe	1F6F6	Canoe	0
sled	1F6F7	Sled	0
flying_saucer	1F6F8	Flying saucer	0
skateboard	1F6F9	Skateboard	0
auto_rickshaw	1F6FA	Auto rickshaw	0
pickup_truck	1F6FB	Pickup truck	0
roller_skate	1F6FC	Roller skate	0
large_orange_circle	1F7E0	Large orange circle	0
large_yellow_circle	1F7E1	Large yellow circle	0
large_green_circle	1F7E2	Large green circle	0
large_purple_circle	1F7E3	Large purple circle	0
large_brown_circle	1F7E4	Large brown circle	0
large_red_square	1F7E5	Large red square	0
large_blue_square	1F7E6	Large blue square	0
large_orange_square	1F7E7	Large orange square	0
large_yellow_square	1F7E8	Large yellow square	0
large_green_square	1F7E9	Large green square	0
large_purple_square	1F7EA	Large purple square	0
large_brown_square	1F7EB	Large brown square	0
heavy_equals_sign	1F7F0	Heavy equals sign	0
pinched_fingers	1F90C	Pinched fingers	1
white_heart	1F90D	White heart	0
brown_heart	1F90E	Brown heart	0
pinching_hand	1F90F	Pinching hand	1
zipper_mouth_face	1F910	Zipper-mouth face	0
money_mouth_face	1F911	Money-mouth face	0
face_with_thermometer	1F912	Face with thermometer	0
nerd_face	1F913	Nerd face	0
thinking_face	1F914	Thinking face	0
face_with_head_bandage	1F915	Face with head-bandage	0
robot_face	1F916	Robot face	0
hugging_face	1F917	Hugging face	0
sign_of_the_horns	1F918	Sign of the horns	1
call_me_hand	1F919	Call me hand	1
raised_back_of_hand	1F91A	Raised back of hand	1
left_facing_fist	1F91B	Left-facing fist	1
right_facing_fist	1F91C	Right-facing fist	1
handshake	1F91D	Handshake	1
hand_with_index_and_middle_fingers_crossed	1F91E	Hand with index and middle fingers crossed	1
i_love_you_hand_sign	1F91F	I love you hand sign	1
face_with_cowboy_hat	1F920	Face with cowboy hat	0
clown_face	1F921	Clown face	0
nauseated_face	1F922	Nauseated face	0
rolling_on_the_floor_laughing	1F923	Rolling on the floor laughing	0
drooling_face	1F924	Drooling face	0
lying_face	1F925	Lying face	0
face_palm	1F926	Face palm	1
sneezing_face	1F927	Sneezing face	0
face_with_one_eyebrow_raised	1F928	Face with one eyebrow raised	0
grinning_face_with_star_eyes	1F929	Grinning face with star eyes	0
grinning_face_with_one_large_and_one_small_eye	1F92A	Grinning face with one large and one small eye	0
face_with_finger_covering_closed_lips	1F92B	Face with finger covering closed lips	0
serious_face_with_symbols_covering_mouth	1F92C	Serious face with symbols covering mouth	0
smiling_face_with_smiling_eyes_and_hand_covering_mouth	1F92D	Smiling face with smiling eyes and hand covering mouth	0
face_with_open_mouth_vomiting	1F92E	Face with open mouth vomiting	0
shocked_face_with_exploding_head	1F92F	Shocked face with exploding head	0
pregnant_woman	1F930	Pregnant woman	1
breast_feeding	1F931	Breast-feeding	1
palms_up_together	1F932	Palms up together	1
selfie	1F933	Selfie	1
prince	1F934	Prince	1
man_in_tuxedo	1F935	Man in tuxedo	1
mother_christmas	1F936	Mother christmas	1
shrug	1F937	Shrug	1
person_doing_cartwheel	1F938	Person doing cartwheel	1
juggling	1F939	Juggling	1
fencer	1F93A	Fencer	0
wrestlers	1F93C	Wrestlers	1
water_polo	1F93D	Water polo	1
handball	1F93E	Handball	1
diving_mask	1F93F	Diving mask	0
wilted_flower	1F940	Wilted flower	0
drum_with_drumsticks	1F941	Drum with drumsticks	0
clinking_glasses	1F942	Clinking glasses	0
tumbler_glass	1F943	Tumbler glass	0
spoon	1F944	Spoon	0
goal_net	1F945	Goal net	0
first_place_medal	1F947	First place medal	0
second_place_medal	1F948	Second place medal	0
third_place_medal	1F949	Third place medal	0
boxing_glove	1F94A	Boxing glove	0
martial_arts_uniform	1F94B	Martial arts uniform	0
curling_stone	1F94C	Curling stone	0
lacrosse_stick_and_ball	1F94D	Lacrosse stick and ball	0
softball	1F94E	Softball	0
flying_disc	1F94F	Flying disc	0
croissant	1F950	Croissant	0
avocado	1F951	Avocado	0
cucumber	1F952	Cucumber	0
bacon	1F953	Bacon	0
potato	1F954	Potato	0
carrot	1F955	Carrot	0
baguette_bread	1F956	Baguette bread	0
green_salad	1F957	Green salad	0
shallow_pan_of_food	1F958	Shallow pan of food	0
stuffed_flatbread	1F959	Stuffed flatbread	0
egg	1F95A	Egg	0
glass_of_milk	1F95B	Glass of milk	0
peanuts	1F95C	Peanuts	0
kiwifruit	1F95D	Kiwifruit	0
pancakes	1F95E	Pancakes	0
dumpling	1F95F	Dumpling	0
fortune_cookie	1F960	Fortune cookie	0
takeout_box	1F961	Takeout box	0
chopsticks	1F962	Chopsticks	0
bowl_with_spoon	1F963	Bowl with spoon	0
cup_with_straw	1F964	Cup with straw	0
coconut	1F965	Coconut	0
broccoli	1F966	Broccoli	0
pie	1F967	Pie	0
pretzel	1F968	Pretzel	0
cut_of_meat	1F969	Cut of meat	0
sandwich	1F96A	Sandwich	0
canned_food	1F96B	Canned food	0
leafy_green	1F96C	Leafy green	0
mango	1F96D	Mango	0
moon_cake	1F96E	Moon cake	0
bagel	1F96F	Bagel	0
smiling_face_with_smiling_eyes_and_three_hearts	1F970	Smiling face with smiling eyes and three hearts	0
yawning_face	1F971	Yawning face	0
smiling_face_with_tear	1F972	Smiling face with tear	0
face_with_party_horn_and_party_hat	1F973	Face with party horn and party hat	0
face_with_uneven_eyes_and_wavy_mouth	1F974	Face with uneven eyes and wavy mouth	0
overheated_face	1F975	Overheated face	0
freezing_face	1F976	Freezing face	0
ninja	1F977	Ninja	1
disguised_face	1F978	Disguised face	0
face_holding_back_tears	1F979	Face holding back tears	0
face_with_pleading_eyes	1F97A	Face with pleading eyes	0
sari	1F97B	Sari	0
lab_coat	1F97C	Lab coat	0
goggles	1F97D	Goggles	0
hiking_boot	1F97E	Hiking boot	0
flat_shoe	1F97F	Flat shoe	0
crab	1F980	Crab	0
lion_face	1F981	Lion face	0
scorpion	1F982	Scorpion	0
turkey	1F983	Turkey	0
unicorn_face	1F984	Unicorn face	0
eagle	1F985	Eagle	0
duck	1F986	Duck	0
bat	1F987	Bat	0
shark	1F988	Shark	0
owl	1F989	Owl	0
fox_face	1F98A	Fox face	0
butterfly	1F98B	Butterfly	0
deer	1F98C	Deer	0
gorilla	1F98D	Gorilla	0
lizard	1F98E	Lizard	0
rhinoceros	1F98F	Rhinoceros	0
shrimp	1F990	Shrimp	0
squid	1F991	Squid	0
giraffe_face	1F992	Giraffe face	0
zebra_face	1F993	Zebra face	0
hedgehog	1F994	Hedgehog	0
sauropod	1F995	Sauropod	0
t_rex	1F996	T-rex	0
cricket	1F997	Cricket	0
kangaroo	1F998	Kangaroo	0
llama	1F999	Llama	0
peacock	1F99A	Peacock	0
hippopotamus	1F99B	Hippopotamus	0
parrot	1F99C	Parrot	0
raccoon	1F99D	Raccoon	0
lobster	1F99E	Lobster	0
mosquito	1F99F	Mosquito	0
microbe	1F9A0	Microbe	0
badger	1F9A1	Badger	0
swan	1F9A2	Swan	0
mammoth	1F9A3	Mammoth	0
dodo	1F9A4	Dodo	0
sloth	1F9A5	Sloth	0
otter	1F9A6	Otter	0
orangutan	1F9A7	Orangutan	0
skunk	1F9A8	Skunk	0
flamingo	1F9A9	Flamingo	0
oyster	1F9AA	Oyster	0
beaver	1F9AB	Beaver	0
bison	1F9AC	Bison	0
seal	1F9AD	Seal	0
guide_dog	1F9AE	Guide dog	0
probing_cane	1F9AF	Probing cane	0
bone	1F9B4	Bone	0
leg	1F9B5	Leg	1
foot	1F9B6	Foot	1
tooth	1F9B7	Tooth	0
superhero	1F9B8	Superhero	1
supervillain	1F9B9	Supervillain	1
safety_vest	1F9BA	Safety vest	0
ear_with_hearing_aid	1F9BB	Ear with hearing aid	1
motorized_wheelchair	1F9BC	Motorized wheelchair	0
manual_wheelchair	1F9BD	Manual wheelchair	0
mechanical_arm	1F9BE	Mechanical arm	0
mechanical_leg	1F9BF	Mechanical leg	0
cheese_wedge	1F9C0	Cheese wedge	0
cupcake	1F9C1	Cupcake	0
salt_shaker	1F9C2	Salt shaker	0
beverage_box	1F9C3	Beverage box	0
garlic	1F9C4	Garlic	0
onion	1F9C5	Onion	0
falafel	1F9C6	Falafel	0
waffle	1F9C7	Waffle	0
butter	1F9C8	Butter	0
mate_drink	1F9C9	Mate drink	0
ice_cube	1F9CA	Ice cube	0
bubble_tea	1F9CB	Bubble tea	0
troll	1F9CC	Troll	0
standing_person	1F9CD	Standing person	1
kneeling_person	1F9CE	Kneeling person	1
deaf_person	1F9CF	Deaf person	1
face_with_monocle	1F9D0	Face with monocle	0
adult	1F9D1	Adult	1
child	1F9D2	Child	1
older_adult	1F9D3	Older adult	1
bearded_person	1F9D4	Bearded person	1
person_with_headscarf	1F9D5	Person with headscarf	1
person_in_steamy_room	1F9D6	Person in steamy room	1
person_climbing	1F9D7	Person climbing	1
person_in_lotus_position	1F9D8	Person in lotus position	1
mage	1F9D9	Mage	1
fairy	1F9DA	Fairy	1
vampire	1F9DB	Vampire	1
merperson	1F9DC	Merperson	1
elf	1F9DD	Elf	1
genie	1F9DE	Genie	0
zombie	1F9DF	Zombie	0
brain	1F9E0	Brain	0
orange_heart	1F9E1	Orange heart	0
billed_cap	1F9E2	Billed cap	0
scarf	1F9E3	Scarf	0
gloves	1F9E4	Gloves	0
coat	1F9E5	Coat	0
socks	1F9E6	Socks	0
red_gift_envelope	1F9E7	Red gift envelope	0
firecracker	1F9E8	Firecracker	0
jigsaw_puzzle_piece	1F9E9	Jigsaw puzzle piece	0
test_tube	1F9EA	Test tube	0
petri_dish	1F9EB	Petri dish	0
dna_double_helix	1F9EC	Dna double helix	0
compass	1F9ED	Compass	0
abacus	1F9EE	Abacus	0
fire_extinguisher	1F9EF	Fire extinguisher	0
toolbox	1F9F0	Toolbox	0
brick	1F9F1	Brick	0
magnet	1F9F2	Magnet	0
luggage	1F9F3	Luggage	0
lotion_bottle	1F9F4	Lotion bottle	0
spool_of_thread	1F9F5	Spool of thread	0
ball_of_yarn	1F9F6	Ball of yarn	0
safety_pin	1F9F7	Safety pin	0
teddy_bear	1F9F8	Teddy bear	0
broom	1F9F9	Broom	0
basket	1F9FA	Basket	0
roll_of_paper	1F9FB	Roll of paper	0
bar_of_soap	1F9FC	Bar of soap	0
sponge	1F9FD	Sponge	0
receipt	1F9FE	Receipt	0
nazar_amulet	1F9FF	Nazar amulet	0
ballet_shoes	1FA70	Ballet shoes	0
one_piece_swimsuit	1FA71	One-piece swimsuit	0
briefs	1FA72	Briefs	0
shorts	1FA73	Shorts	0
thong_sandal	1FA74	Thong sandal	0
light_blue_heart	1FA75	Light blue heart	0
grey_heart	1FA76	Grey heart	0
pink_heart	1FA77	Pink heart	0
drop_of_blood	1FA78	Drop of blood	0
adhesive_bandage	1FA79	Adhesive bandage	0
stethoscope	1FA7A	Stethoscope	0
x_ray	1FA7B	X-ray	0
crutch	1FA7C	Crutch	0
yo_yo	1FA80	Yo-yo	0
kite	1FA81	Kite	0
parachute	1FA82	Parachute	0
boomerang	1FA83	Boomerang	0
magic_wand	1FA84	Magic wand	0
pinata	1FA85	Pinata	0
nesting_dolls	1FA86	Nesting dolls	0
maracas	1FA87	Maracas	0
flute	1FA88	Flute	0
ringed_planet	1FA90	Ringed planet	0
chair	1FA91	Chair	0
razor	1FA92	Razor	0
axe	1FA93	Axe	0
diya_lamp	1FA94	Diya lamp	0
banjo	1FA95	Banjo	0
military_helmet	1FA96	Military helmet	0
accordion	1FA97	Accordion	0
long_drum	1FA98	Long drum	0
coin	1FA99	Coin	0
carpentry_saw	1FA9A	Carpentry saw	0
screwdriver	1FA9B	Screwdriver	0
ladder	1FA9C	Ladder	0
hook	1FA9D	Hook	0
mirror	1FA9E	Mirror	0
window	1FA9F	Window	0
plunger	1FAA0	Plunger	0
sewing_needle	1FAA1	Sewing needle	0
knot	1FAA2	Knot	0
bucket	1FAA3	Bucket	0
mouse_trap	1FAA4	Mouse trap	0
toothbrush	1FAA5	Toothbrush	0
headstone	1FAA6	Headstone	0
placard	1FAA7	Placard	0
rock	1FAA8	Rock	0
mirror_ball	1FAA9	Mirror ball	0
identification_card	1FAAA	Identification card	0
low_battery	1FAAB	Low battery	0
hamsa	1FAAC	Hamsa	0
folding_hand_fan	1FAAD	Folding hand fan	0
hair_pick	1FAAE	Hair pick	0
khanda	1FAAF	Khanda	0
fly	1FAB0	Fly	0
worm	1FAB1	Worm	0
beetle	1FAB2	Beetle	0
cockroach	1FAB3	Cockroach	0
potted_plant	1FAB4	Potted plant	0
wood	1FAB5	Wood	0
feather	1FAB6	Feather	0
lotus	1FAB7	Lotus	0
coral	1FAB8	Coral	0
empty_nest	1FAB9	Empty nest	0
nest_with_eggs	1FABA	Nest with eggs	0
hyacinth	1FABB	Hyacinth	0
jellyfish	1FABC	Jellyfish	0
wing	1FABD	Wing	0
goose	1FABF	Goose	0
anatomical_heart	1FAC0	Anatomical heart	0
lungs	1FAC1	Lungs	0
people_hugging	1FAC2	People hugging	0
pregnant_man	1FAC3	Pregnant man	1
pregnant_person	1FAC4	Pregnant person	1
person_with_crown	1FAC5	Person with crown	1
moose	1FACE	Moose	0
donkey	1FACF	Donkey	0
blueberries	1FAD0	Blueberries	0
bell_pepper	1FAD1	Bell pepper	0
olive	1FAD2	Olive	0
flatbread	1FAD3	Flatbread	0
tamale	1FAD4	Tamale	0
fondue	1FAD5	Fondue	0
teapot	1FAD6	Teapot	0
pouring_liquid	1FAD7	Pouring liquid	0
beans	1FAD8	Beans	0
jar	1FAD9	Jar	0
ginger_root	1FADA	Ginger root	0
pea_pod	1FADB	Pea pod	0
melting_face	1FAE0	Melting face	0
saluting_face	1FAE1	Saluting face	0
face_with_open_eyes_and_hand_over_mouth	1FAE2	Face with open eyes and hand over mouth	0
face_with_peeking_eye	1FAE3	Face with peeking eye	0
face_with_diagonal_mouth	1FAE4	Face with diagonal mouth	0
dotted_line_face	1FAE5	Dotted line face	0
biting_lip	1FAE6	Biting lip	0
bubbles	1FAE7	Bubbles	0
shaking_face	1FAE8	Shaking face	0
hand_with_index_finger_and_thumb_crossed	1FAF0	Hand with index finger and thumb crossed	1
rightwards_hand	1FAF1	Rightwards hand	1
leftwards_hand	1FAF2	Leftwards hand	1
palm_down_hand	1FAF3	Palm down hand	1
palm_up_hand	1FAF4	Palm up hand	1
index_pointing_at_the_viewer	1FAF5	Index pointing at the viewer	1
heart_hands	1FAF6	Heart hands	1
leftwards_pushing_hand	1FAF7	Leftwards pushing hand	1
rightwards_pushing_hand	1FAF8	Rightwards pushing hand	1
